Symbol,Name,
A005930,삼성전자,KOSPI
A000660,SK하이닉스,KOSPI
A068270,셀트리온,KOSPI
A005380,현대차,KOSPI
A005490,POSCO,KOSPI
A207940,삼성바이오로직스,KOSPI
A028260,삼성물산,KOSPI
A051910,LG화학,KOSPI
A105560,KB금융,KOSPI
A015760,한국전력,KOSPI
A032830,삼성생명,KOSPI
A035420,NAVER,KOSPI
A012330,현대모비스,KOSPI
A055550,신한지주,KOSPI
A051900,LG생활건강,KOSPI
A034730,SK,KOSPI
A090430,아모레퍼시픽,KOSPI
A096770,SK이노베이션,KOSPI
A017670,SK텔레콤,KOSPI
A018260,삼성에스디에스,KOSPI
A066570,LG전자,KOSPI
A006400,삼성SDI,KOSPI
A251270,넷마블,KOSPI
A033780,KT&G,KOSPI
A000270,기아차,KOSPI
A003550,LG,KOSPI
A086790,하나금융지주,KOSPI
A011170,롯데케미칼,KOSPI
A010950,S-Oil,KOSPI
A000810,삼성화재,KOSPI
A000030,우리은행,KOSPI
A002790,아모레G,KOSPI
A009150,삼성전기,KOSPI
A024110,기업은행,KOSPI
A004020,현대제철,KOSPI
A000720,현대건설,KOSPI
A034220,LG디스플레이,KOSPI
A035720,카카오,KOSPI
A009540,현대중공업,KOSPI
A036570,엔씨소프트,KOSPI
A010130,고려아연,KOSPI
A139480,이마트,KOSPI
A030200,KT,KOSPI
A004990,롯데지주,KOSPI
A021240,코웨이,KOSPI
A006800,미래에셋대우,KOSPI
A267250,현대중공업지주,KOSPI
A023530,롯데쇼핑,KOSPI
A035250,강원랜드,KOSPI
A036460,한국가스공사,KOSPI
A128940,한미약품,KOSPI
A018880,한온시스템,KOSPI
A078930,GS,KOSPI
A161390,한국타이어,KOSPI
A032640,LG유플러스,KOSPI
A071050,한국금융지주,KOSPI
A097950,CJ제일제당,KOSPI
A271560,오리온,KOSPI
A088350,한화생명,KOSPI
A086280,현대글로비스,KOSPI
A008770,호텔신라,KOSPI
A004800,효성,KOSPI
A010140,삼성중공업,KOSPI
A008930,한미사이언스,KOSPI
A005940,NH투자증권,KOSPI
A004170,신세계,KOSPI
A047810,한국항공우주,KOSPI
A029780,삼성카드,KOSPI
A009830,한화케미칼,KOSPI
A001040,CJ,KOSPI
A005830,DB손해보험,KOSPI
A002380,KCC,KOSPI
A028050,삼성엔지니어링,KOSPI
A017800,현대엘리베이,KOSPI
A003410,쌍용양회,KOSPI
A006360,GS건설,KOSPI
A012630,현대산업,KOSPI
A011070,LG이노텍,KOSPI
A012750,에스원,KOSPI
A064350,현대로템,KOSPI
A000120,CJ대한통운,KOSPI
A241560,두산밥캣,KOSPI
A016360,삼성증권,KOSPI
A010060,OCI,KOSPI
A011780,금호석유,KOSPI
A138930,BNK금융지주,KOSPI
A282330,BGF리테일,KOSPI
A003490,대한항공,KOSPI
A079440,아이엔지생명,KOSPI
A001450,현대해상,KOSPI
A000210,대림산업,KOSPI
A000100,유한양행,KOSPI
A007070,GS리테일,KOSPI
A006260,LS,KOSPI
A047050,포스코대우,KOSPI
A042660,대우조선해양,KOSPI
A028670,팬오션,KOSPI
A039490,키움증권,KOSPI
A047040,대우건설,KOSPI
A007310,오뚜기,KOSPI
A000880,한화,KOSPI
A009240,한샘,KOSPI
A006280,녹십자,KOSPI
A026960,동서,KOSPI
A069960,현대백화점,KOSPI
A008560,메리츠종금증권,KOSPI
A069620,대웅제약,KOSPI
A030000,제일기획,KOSPI
A010120,LS산전,KOSPI
A042670,두산인프라코어,KOSPI
A000060,메리츠화재,KOSPI
A000150,두산,KOSPI
A004370,농심,KOSPI
A034020,두산중공업,KOSPI
A138040,메리츠금융지주,KOSPI
A011200,현대상선,KOSPI
A204320,만도,KOSPI
A051600,한전KPS,KOSPI
A071840,롯데하이마트,KOSPI
A010620,현대미포조선,KOSPI
A005250,녹십자홀딩스,KOSPI
A139130,DGB금융지주,KOSPI
A081660,휠라코리아,KOSPI
A120110,코오롱인더,KOSPI
A114090,GKL,KOSPI
A000240,한국타이어월드와이드,KOSPI
A012450,한화에어로스페이스,KOSPI
A004000,롯데정밀화학,KOSPI
A192820,코스맥스,KOSPI
A267270,현대건설기계,KOSPI
A009420,한올바이오파마,KOSPI
A006650,대한유화,KOSPI
A020150,일진머티리얼즈,KOSPI
A161890,한국콜마,KOSPI
A000670,영풍,KOSPI
A001440,대한전선,KOSPI
A001800,오리온홀딩스,KOSPI
A003520,영진약품,KOSPI
A003690,코리안리,KOSPI
A005440,현대그린푸드,KOSPI
A011790,SKC,KOSPI
A003000,부광약품,KOSPI
A000080,하이트진로,KOSPI
A111770,영원무역,KOSPI
A079160,CJ CGV,KOSPI
A003240,태광산업,KOSPI
A011210,현대위아,KOSPI
A012510,더존비즈온,KOSPI
A018250,애경산업,KOSPI
A214320,이노션,KOSPI
A003300,한일시멘트,KOSPI
A089590,제주항공,KOSPI
A006390,현대시멘트,KOSPI
A181710,NHN엔터테인먼트,KOSPI
A009410,태영건설,KOSPI
A180640,한진칼,KOSPI
A115390,락앤락,KOSPI
A005300,롯데칠성,KOSPI
A057050,현대홈쇼핑,KOSPI
A069260,휴켐스,KOSPI
A031430,신세계인터내셔날,KOSPI
A001740,SK네트웍스,KOSPI
A003090,대웅,KOSPI
A226320,잇츠한불,KOSPI
A052690,한전기술,KOSPI
A082640,동양생명,KOSPI
A005690,파미셀,KOSPI
A023590,다우기술,KOSPI
A002350,넥센타이어,KOSPI
A039130,하나투어,KOSPI
A006040,동원산업,KOSPI
A079550,LIG넥스원,KOSPI
A027410,BGF,KOSPI
A284740,쿠쿠홈시스,KOSPI
A085620,미래에셋생명,KOSPI
A006840,AK홀딩스,KOSPI
A001120,LG상사,KOSPI
A185750,종근당,KOSPI
A103140,풍산,KOSPI
A020560,아시아나항공,KOSPI
A285130,SK케미칼,KOSPI
A000070,삼양홀딩스,KOSPI
A267260,현대일렉트릭,KOSPI
A020000,한섬,KOSPI
A001230,동국제강,KOSPI
A073240,금호타이어,KOSPI
A014820,동원시스템즈,KOSPI
A005610,SPC삼립,KOSPI
A175330,JB금융지주,KOSPI
A025860,남해화학,KOSPI
A007700,F&F,KOSPI
A272450,진에어,KOSPI
A145720,덴티움,KOSPI
A010780,아이에스동서,KOSPI
A006490,인스코비,KOSPI
A032350,롯데관광개발,KOSPI
A049770,동원F&B,KOSPI
A192400,쿠쿠홀딩스,KOSPI
A003470,유안타증권,KOSPI
A018670,SK가스,KOSPI
A145990,삼양사,KOSPI
A093370,후성,KOSPI
A001430,세아베스틸,KOSPI
A014680,한솔케미칼,KOSPI
A001680,대상,KOSPI
A093050,LF,KOSPI
A000370,한화손해보험,KOSPI
A170900,동아에스티,KOSPI
A002270,롯데푸드,KOSPI
A071320,지역난방공사,KOSPI
A024720,한국콜마홀딩스,KOSPI
A001060,JW중외제약,KOSPI
A280360,롯데제과,KOSPI
A003230,삼양식품,KOSPI
A001820,삼화콘덴서,KOSPI
A006120,SK디스커버리,KOSPI
A007570,일양약품,KOSPI
A009970,영원무역홀딩스,KOSPI
A183190,아세아시멘트,KOSPI
A034310,NICE,KOSPI
A000990,DB하이텍,KOSPI
A037560,CJ헬로,KOSPI
A241590,화승엔터프라이즈,KOSPI
A034830,한국토지신탁,KOSPI
A033180,필룩스,KOSPI
A003540,대신증권,KOSPI
A000640,동아쏘시오홀딩스,KOSPI
A009450,경동나비엔,KOSPI
A005500,삼진제약,KOSPI
A004430,송원산업,KOSPI
A019680,대교,KOSPI
A005850,에스엘,KOSPI
A108670,LG하우시스,KOSPI
A031440,신세계푸드,KOSPI
A003620,쌍용차,KOSPI
A005880,대한해운,KOSPI
A105630,한세실업,KOSPI
A053210,스카이라이프,KOSPI
A007460,에이프로젠 KIC,KOSPI
A025620,제이준코스메틱,KOSPI
A005180,빙그레,KOSPI
A042700,한미반도체,KOSPI
A002240,고려제강,KOSPI
A271980,제일약품,KOSPI
A029530,신도리코,KOSPI
A058650,세아홀딩스,KOSPI
A192530,광주은행,KOSPI
A002020,코오롱,KOSPI
A123890,한국자산신탁,KOSPI
A010050,우리종금,KOSPI
A011760,현대상사,KOSPI
A001720,신영증권,KOSPI
A003030,세아제강,KOSPI
A011690,유양디앤유,KOSPI
A017810,풀무원,KOSPI
A009580,무림P&P,KOSPI
A003530,한화투자증권,KOSPI
A210980,SK디앤디,KOSPI
A096760,JW홀딩스,KOSPI
A112610,씨에스윈드,KOSPI
A006060,화승인더,KOSPI
A036580,팜스코,KOSPI
A126560,현대에이치씨엔,KOSPI
A001520,동양,KOSPI
A249420,일동제약,KOSPI
A014830,유니드,KOSPI
A060980,한라홀딩스,KOSPI
A002990,금호산업,KOSPI
A033660,아주캐피탈,KOSPI
A072710,농심홀딩스,KOSPI
A082740,두산엔진,KOSPI
A003920,남양유업,KOSPI
A025540,한국단자,KOSPI
A017940,E1,KOSPI
A281820,케이씨텍,KOSPI
A004490,세방전지,KOSPI
A138250,엔에스쇼핑,KOSPI
A064960,S&T모티브,KOSPI
A004690,삼천리,KOSPI
A079430,현대리바트,KOSPI
A002390,한독,KOSPI
A017390,서울가스,KOSPI
A004870,티웨이홀딩스,KOSPI
A033920,무학,KOSPI
A030790,동양네트웍스,KOSPI
A019170,신풍제약,KOSPI
A003850,보령제약,KOSPI
A034120,SBS,KOSPI
A002210,동성제약,KOSPI
A002000,한국유리,KOSPI
A007630,폴루스바이오팜,KOSPI
A002960,한국쉘석유,KOSPI
A213500,한솔제지,KOSPI
A101530,해태제과식품,KOSPI
A011810,STX,KOSPI
A009290,광동제약,KOSPI
A161000,애경유화,KOSPI
A033270,유나이티드제약,KOSPI
A070960,용평리조트,KOSPI
A016580,환인제약,KOSPI
A000540,흥국화재,KOSPI
A000400,롯데손해보험,KOSPI
A101060,SBS미디어홀딩스,KOSPI
A078520,에이블씨엔씨,KOSPI
A015350,부산가스,KOSPI
A008060,대덕전자,KOSPI
A008490,서흥,KOSPI
A102460,이연제약,KOSPI
A005070,코스모신소재,KOSPI
A005720,넥센,KOSPI
A074610,나노메딕스,KOSPI
A104700,한국철강,KOSPI
A005810,풍산홀딩스,KOSPI
A002030,아세아,KOSPI
A001510,SK증권,KOSPI
A003220,대원제약,KOSPI
A007690,국도화학,KOSPI
A004980,성신양회,KOSPI
A136490,선진,KOSPI
A037710,광주신세계,KOSPI
A000050,경방,KOSPI
A030610,교보증권,KOSPI
A044820,코스맥스비티아이,KOSPI
A234080,JW생명과학,KOSPI
A001780,알루코,KOSPI
A005420,코스모화학,KOSPI
A016800,퍼시스,KOSPI
A000480,조선내화,KOSPI
A008730,율촌화학,KOSPI
A004380,삼익THK,KOSPI
A097230,한진중공업,KOSPI
A002310,아세아제지,KOSPI
A001390,KG케미칼,KOSPI
A007340,디티알오토모티브,KOSPI
A025000,KPX케미칼,KOSPI
A001630,종근당홀딩스,KOSPI
A079980,휴비스,KOSPI
A002780,진흥기업,KOSPI
A016590,신대양제지,KOSPI
A007160,사조산업,KOSPI
A001200,유진투자증권,KOSPI
A016450,한세예스24홀딩스,KOSPI
A002150,도화엔지니어링,KOSPI
A084690,대상홀딩스,KOSPI
A001130,대한제분,KOSPI
A014790,한라,KOSPI
A009680,모토닉,KOSPI
A003060,에이프로젠제약,KOSPI
A002250,알보젠코리아,KOSPI
A268280,미원에스씨,KOSPI
A003560,IHQ,KOSPI
A000020,동화약품,KOSPI
A001250,GS글로벌,KOSPI
A152330,코리아오토글라스,KOSPI
A001500,현대차투자증권,KOSPI
A214420,토니모리,KOSPI
A214390,경보제약,KOSPI
A030210,KTB투자증권,KOSPI
A016880,웅진,KOSPI
A004130,대덕GDS,KOSPI
A039570,HDC아이콘트롤스,KOSPI
A084010,대한제강,KOSPI
A095570,AJ네트웍스,KOSPI
A000430,대원강업,KOSPI
A091090,세원셀론텍,KOSPI
A011930,신성이엔지,KOSPI
A002810,삼영무역,KOSPI
A029460,케이씨,KOSPI
A027390,한화갤러리아타임월드,KOSPI
A102260,동성코퍼레이션,KOSPI
A195870,해성디에스,KOSPI
A122900,아이마켓코리아,KOSPI
A004960,한신공영,KOSPI
A000970,한국주철관,KOSPI
A013580,계룡건설,KOSPI
A002320,한진,KOSPI
A138490,코오롱플라스틱,KOSPI
A008970,동양철관,KOSPI
A092230,KPX홀딩스,KOSPI
A000680,LS네트웍스,KOSPI
A035510,신세계 I&C,KOSPI
A004360,세방,KOSPI
A003070,코오롱글로벌,KOSPI
A016380,동부제철,KOSPI
A006380,카프로,KOSPI
A004970,신라교역,KOSPI
A003120,일성신약,KOSPI
A210540,디와이파워,KOSPI
A017960,한국카본,KOSPI
A028100,동아지질,KOSPI
A033240,자화전자,KOSPI
A001940,KISCO홀딩스,KOSPI
A001260,남광토건,KOSPI
A005960,동부건설,KOSPI
A003200,일신방직,KOSPI
A005680,삼영전자,KOSPI
A007210,벽산,KOSPI
A068400,AJ렌터카,KOSPI
A272550,삼양패키징,KOSPI
A123690,한국화장품,KOSPI
A001270,부국증권,KOSPI
A015360,예스코홀딩스,KOSPI
A011390,부산산업,KOSPI
A011280,태림포장,KOSPI
A004700,조광피혁,KOSPI
A004710,한솔테크닉스,KOSPI
A095720,웅진씽크빅,KOSPI
A008700,아남전자,KOSPI
A015860,일진홀딩스,KOSPI
A005740,크라운해태홀딩스,KOSPI
A128820,대성산업,KOSPI
A012610,경인양행,KOSPI
A001880,삼호,KOSPI
A009270,신원,KOSPI
A008040,사조동아원,KOSPI
A010820,퍼스텍,KOSPI
A081000,일진다이아,KOSPI
A002450,삼익악기,KOSPI
A267290,경동도시가스,KOSPI
A032560,황금에스티,KOSPI
A004150,한솔홀딩스,KOSPI
A001790,대한제당,KOSPI
A012030,DB,KOSPI
A003570,S&T중공업,KOSPI
A004560,현대비앤지스틸,KOSPI
A900140,엘브이엠씨홀딩스,KOSPI
A000140,하이트진로홀딩스,KOSPI
A229640,LS전선아시아,KOSPI
A077500,유니퀘스트,KOSPI
A036530,S&T홀딩스,KOSPI
A007110,일신석재,KOSPI
A103590,일진전기,KOSPI
A011160,두산건설,KOSPI
A002460,화성산업,KOSPI
A004440,대림씨엔에스,KOSPI
A006340,대원전선,KOSPI
A000490,대동공업,KOSPI
A000860,강남제비스코,KOSPI
A077970,STX엔진,KOSPI
A000180,성창기업지주,KOSPI
A089470,HDC현대EP,KOSPI
A200880,서연이화,KOSPI
A002100,경농,KOSPI
A000390,삼화페인트,KOSPI
A015890,태경산업,KOSPI
A005090,삼광글라스,KOSPI
A000320,노루홀딩스,KOSPI
A069460,대호에이엘,KOSPI
A017040,광명전기,KOSPI
A005950,이수화학,KOSPI
A090350,노루페인트,KOSPI
A025750,한솔홈데코,KOSPI
A016610,DB금융투자,KOSPI
A004540,깨끗한나라,KOSPI
A007810,코리아써키트,KOSPI
A003350,한국화장품제조,KOSPI
A008250,이건산업,KOSPI
A143210,핸즈코퍼레이션,KOSPI
A002840,미원상사,KOSPI
A001360,삼성제약,KOSPI
A002900,동양물산,KOSPI
A090370,메타랩스,KOSPI
A003160,디아이,KOSPI
A003830,대한화섬,KOSPI
A044450,KSS해운,KOSPI
A005870,휴니드,KOSPI
A102280,쌍방울,KOSPI
A067830,세이브존I&C,KOSPI
A282690,동아타이어,KOSPI
A004250,NPC,KOSPI
A017180,명문제약,KOSPI
A002760,보락,KOSPI
A004890,동일산업,KOSPI
A264900,크라운제과,KOSPI
A000700,유수홀딩스,KOSPI
A013570,디와이,KOSPI
A001340,백광산업,KOSPI
A058730,다스코,KOSPI
A002360,SH에너지화학,KOSPI
A004060,SG세계물산,KOSPI
A227840,현대코퍼레이션홀딩스,KOSPI
A026890,디피씨,KOSPI
A004200,고려개발,KOSPI
A012690,모나리자,KOSPI
A004310,현대약품,KOSPI
A075580,세진중공업,KOSPI
A003460,유화증권,KOSPI
A001460,BYC,KOSPI
A194370,제이에스코퍼레이션,KOSPI
A084680,이월드,KOSPI
A002630,오리엔트바이오,KOSPI
A084870,TBH글로벌,KOSPI
A012320,경동인베스트,KOSPI
A248170,샘표식품,KOSPI
A007660,이수페타시스,KOSPI
A117580,대성에너지,KOSPI
A014280,금강공업,KOSPI
A085310,엔케이,KOSPI
A009200,무림페이퍼,KOSPI
A019440,세아특수강,KOSPI
A003960,사조대림,KOSPI
A012200,계양전기,KOSPI
A014990,인디에프,KOSPI
A005390,신성통상,KOSPI
A092200,디아이씨,KOSPI
A000230,일동홀딩스,KOSPI
A010960,삼호개발,KOSPI
A009320,대우부품,KOSPI
A041650,상신브레이크,KOSPI
A100250,진양홀딩스,KOSPI
A017900,광전자,KOSPI
A009470,삼화전기,KOSPI
A004840,DRB동일,KOSPI
A017370,우신시스템,KOSPI
A033530,세종공업,KOSPI
A008350,남선알미늄,KOSPI
A103130,웅진에너지,KOSPI
A025560,미래산업,KOSPI
A011000,진원생명과학,KOSPI
A092220,KEC,KOSPI
A020760,일진디스플,KOSPI
A007980,태평양물산,KOSPI
A001290,골든브릿지증권,KOSPI
A001470,삼부토건,KOSPI
A024090,디씨엠,KOSPI
A094280,효성ITX,KOSPI
A035000,지투알,KOSPI
A001530,동일방직,KOSPI
A003650,미창석유,KOSPI
A013870,지엠비코리아,KOSPI
A006220,제주은행,KOSPI
A013520,화승알앤에이,KOSPI
A078000,텔코웨어,KOSPI
A012160,영흥철강,KOSPI
A144620,코오롱머티리얼,KOSPI
A120030,조선선재,KOSPI
A130660,한전산업,KOSPI
A035150,백산,KOSPI
A058430,포스코강판,KOSPI
A037270,YG PLUS,KOSPI
A105840,우진,KOSPI
A007860,서연,KOSPI
A002170,삼양통상,KOSPI
A005430,한국공항,KOSPI
A034300,신세계건설,KOSPI
A021820,세원정공,KOSPI
A014530,극동유화,KOSPI
A001380,SG충방,KOSPI
A034590,인천도시가스,KOSPI
A016710,대성홀딩스,KOSPI
A000850,화천기공,KOSPI
A003480,한진중공업홀딩스,KOSPI
A003080,성보화학,KOSPI
A003280,흥아해운,KOSPI
A023000,삼원강재,KOSPI
A000650,천일고속,KOSPI
A055490,테이팩스,KOSPI
A007610,선도전기,KOSPI
A009160,SIMPAC,KOSPI
A000520,삼일제약,KOSPI
A016090,대현,KOSPI
A092440,기신정기,KOSPI
A053690,한미글로벌,KOSPI
A002600,조흥,KOSPI
A134790,시디즈,KOSPI
A111110,호전실업,KOSPI
A005980,성지건설,KOSPI
A002620,제일파마홀딩스,KOSPI
A016740,두올,KOSPI
A005800,신영와코루,KOSPI
A006090,사조오양,KOSPI
A005010,휴스틸,KOSPI
A002300,한국제지,KOSPI
A075180,새론오토모티브,KOSPI
A004720,우리들제약,KOSPI
A010040,한국내화,KOSPI
A003010,혜인,KOSPI
A000500,가온전선,KOSPI
A010690,화신,KOSPI
A100220,비상교육,KOSPI
A013360,일성건설,KOSPI
A014710,사조씨푸드,KOSPI
A071970,STX중공업,KOSPI
A011090,에넥스,KOSPI
A002880,대유에이텍,KOSPI
A134380,미원화학,KOSPI
A109070,컨버즈,KOSPI
A004910,조광페인트,KOSPI
A063160,종근당바이오,KOSPI
A047400,유니온머티리얼,KOSPI
A100840,S&TC,KOSPI
A012800,대창,KOSPI
A017550,수산중공업,KOSPI
A002820,선창산업,KOSPI
A006370,대구백화점,KOSPI
A000300,대유플러스,KOSPI
A058860,케이티스,KOSPI
A004080,신흥,KOSPI
A058850,KTcs,KOSPI
A003580,동원,KOSPI
A011150,CJ씨푸드,KOSPI
A005750,대림B&Co,KOSPI
A006980,우성사료,KOSPI
A023800,인지컨트롤스,KOSPI
A002700,신일산업,KOSPI
A015590,큐로,KOSPI
A011700,한신기계,KOSPI
A068290,삼성출판사,KOSPI
A007590,동방아그로,KOSPI
A004090,한국석유,KOSPI
A009440,KC그린홀딩스,KOSPI
A163560,동일고무벨트,KOSPI
A069640,한세엠케이,KOSPI
A005110,한창,KOSPI
A001570,금양,KOSPI
A004450,삼화왕관,KOSPI
A015230,대창단조,KOSPI
A107590,미원홀딩스,KOSPI
A001750,한양증권,KOSPI
A014160,대영포장,KOSPI
A002200,수출포장,KOSPI
A083420,그린케미칼,KOSPI
A008600,윌비스,KOSPI
A001550,조비,KOSPI
A129260,인터지스,KOSPI
A000220,유유제약,KOSPI
A009770,삼정펄프,KOSPI
A000590,CS홀딩스,KOSPI
A014440,영보화학,KOSPI
A000890,보해양조,KOSPI
A027740,마니커,KOSPI
A093240,형지엘리트,KOSPI
A002720,국제약품,KOSPI
A004770,써니전자,KOSPI
A003610,방림,KOSPI
A008260,NI스틸,KOSPI
A007540,샘표,KOSPI
A012170,키위미디어그룹,KOSPI
A006660,삼성공조,KOSPI
A024890,대원화성,KOSPI
A014580,백광소재,KOSPI
A155660,DSR,KOSPI
A009310,참엔지니어링,KOSPI
A011330,유니켐,KOSPI
A133820,화인베스틸,KOSPI
A006740,영풍제지,KOSPI
A001080,만호제강,KOSPI
A071090,하이스틸,KOSPI
A009070,KCTC,KOSPI
A145210,세화아이엠씨,KOSPI
A002920,유성기업,KOSPI
A069730,DSR제강,KOSPI
A018470,조일알미늄,KOSPI
A090080,평화산업,KOSPI
A010770,평화홀딩스,KOSPI
A011500,한농화성,KOSPI
A000910,유니온,KOSPI
A000040,KR모터스,KOSPI
A004410,서울식품,KOSPI
A023350,한국종합기술,KOSPI
A012280,영화금속,KOSPI
A023450,동남합성,KOSPI
A002140,고려산업,KOSPI
A008870,금비,KOSPI
A006880,신송홀딩스,KOSPI
A084670,동양고속,KOSPI
A025820,이구산업,KOSPI
A005190,동성화학,KOSPI
A004830,덕성,KOSPI
A001020,페이퍼코리아,KOSPI
A006570,대림통상,KOSPI
A079660,사조해표,KOSPI
A088790,진도,KOSPI
A004270,남성,KOSPI
A031820,콤텍시스템,KOSPI
A009190,대양금속,KOSPI
A002410,범양건영,KOSPI
A001620,동국실업,KOSPI
A123700,SJM,KOSPI
A008420,문배철강,KOSPI
A001070,대한방직,KOSPI
A025530,SJM홀딩스,KOSPI
A007120,미래아이앤지,KOSPI
A049800,우진플라임,KOSPI
A015260,에이엔피,KOSPI
A118000,우리들휴브레인,KOSPI
A009460,한창제지,KOSPI
A015020,이스타코,KOSPI
A001560,제일연마,KOSPI
A014130,한익스프레스,KOSPI
A018500,동원금속,KOSPI
A005360,모나미,KOSPI
A071950,코아스,KOSPI
A004140,동방,KOSPI
A002690,동일제강,KOSPI
A013700,까뮤이앤씨,KOSPI
A010100,한국프랜지,KOSPI
A009810,엔케이물산,KOSPI
A010600,웰바이오텍,KOSPI
A021050,서원,KOSPI
A004100,태양금속,KOSPI
A214330,금호에이치티,KOSPI
A007280,한국특수형강,KOSPI
A026940,부국철강,KOSPI
A119650,KC코트렐,KOSPI
A092780,동양피스톤,KOSPI
A011420,갤럭시아에스엠,KOSPI
A024900,덕양산업,KOSPI
A001210,금호전기,KOSPI
A000760,이화산업,KOSPI
A101140,아티스,KOSPI
A002220,한일철강,KOSPI
A006890,태경화학,KOSPI
A014910,성문전자,KOSPI
A093230,이아이디,KOSPI
A023960,에쓰씨엔지니어링,KOSPI
A002070,남영비비안,KOSPI
A005820,원림,KOSPI
A024070,WISCOM,KOSPI
A011230,삼화전자,KOSPI
A005320,국동,KOSPI
A044380,주연테크,KOSPI
A072130,유엔젤,KOSPI
A020120,키다리스튜디오,KOSPI
A013000,세우글로벌,KOSPI
A019180,티에이치엔,KOSPI
A010660,화천기계,KOSPI
A027970,세하,KOSPI
A023810,인팩,KOSPI
A002870,신풍제지,KOSPI
A023150,MH에탄올,KOSPI
A011300,성안,KOSPI
A002710,TCC동양,KOSPI
A000950,전방,KOSPI
A006200,한국전자홀딩스,KOSPI
A009180,한솔로지스틱스,KOSPI
A008110,대동전자,KOSPI
A030720,동원수산,KOSPI
A003780,진양산업,KOSPI
A003680,한성기업,KOSPI
A010580,지코,KOSPI
A006110,삼아알미늄,KOSPI
A009140,경인전자,KOSPI
A005030,부산주공,KOSPI
A015540,메디플란트,KOSPI
A002420,세기상사,KOSPI
A004920,씨아이테크,KOSPI
A005450,신한,KOSPI
A001140,국보,KOSPI
A001420,태원물산,KOSPI
A025890,한국주강,KOSPI
A003720,삼영화학,KOSPI
A010420,한솔PNS,KOSPI
A033250,체시스,KOSPI
A051630,진양화학,KOSPI
A001770,신화실업,KOSPI
A012600,청호컴넷,KOSPI
A008500,일정실업,KOSPI
A019490,하이트론,KOSPI
A010640,진양폴리,KOSPI
A091990,셀트리온헬스케어,KOSDAQ
A215600,신라젠,KOSDAQ
A028300,에이치엘비,KOSDAQ
A086900,메디톡스,KOSDAQ
A084990,바이로메드,KOSDAQ
A151910,나노스,KOSDAQ
A130960,CJ E&M,KOSDAQ
A068760,셀트리온제약,KOSDAQ
A253450,스튜디오드래곤,KOSDAQ
A263750,펄어비스,KOSDAQ
A003670,포스코켐텍,KOSDAQ
A078340,컴투스,KOSDAQ
A095700,제넥신,KOSDAQ
A016170,카카오M,KOSDAQ
A145020,휴젤,KOSDAQ
A950160,코오롱티슈진(Reg.S),KOSDAQ
A036490,SK머티리얼즈,KOSDAQ
A034230,파라다이스,KOSDAQ
A041960,코미팜,KOSDAQ
A007390,네이처셀,KOSDAQ
A042000,카페24,KOSDAQ
A240810,원익IPS,KOSDAQ
A035760,CJ오쇼핑,KOSDAQ
A178920,SKC코오롱PI,KOSDAQ
A098460,고영,KOSDAQ
A056190,에스에프에이,KOSDAQ
A036830,솔브레인,KOSDAQ
A046890,서울반도체,KOSDAQ
A066970,엘앤에프,KOSDAQ
A028150,GS홈쇼핑,KOSDAQ
A049950,미래컴퍼니,KOSDAQ
A065660,안트로젠,KOSDAQ
A022100,포스코 ICT,KOSDAQ
A192080,더블유게임즈,KOSDAQ
A003380,제일홀딩스,KOSDAQ
A038540,상상인,KOSDAQ
A000250,삼천당제약,KOSDAQ
A085660,차바이오텍,KOSDAQ
A069080,웹젠,KOSDAQ
A108230,톱텍,KOSDAQ
A073070,에스모,KOSDAQ
A058470,리노공업,KOSDAQ
A039030,이오테크닉스,KOSDAQ
A115450,지트리비앤티,KOSDAQ
A041510,에스엠,KOSDAQ
A214370,케어젠,KOSDAQ
A200230,텔콘RF제약,KOSDAQ
A036420,제이콘텐트리,KOSDAQ
A112040,위메이드,KOSDAQ
A090460,비에이치,KOSDAQ
A086520,에코프로,KOSDAQ
A035900,JYP Ent.,KOSDAQ
A025980,아난티,KOSDAQ
A096530,씨젠,KOSDAQ
A078160,메디포스트,KOSDAQ
A045390,대아티아이,KOSDAQ
A023410,유진기업,KOSDAQ
A005290,동진쎄미켐,KOSDAQ
A064760,티씨케이,KOSDAQ
A200130,콜마비앤에이치,KOSDAQ
A102940,코오롱생명과학,KOSDAQ
A039200,오스코텍,KOSDAQ
A243070,휴온스,KOSDAQ
A038500,삼표시멘트,KOSDAQ
A030190,NICE평가정보,KOSDAQ
A048260,오스템임플란트,KOSDAQ
A267980,매일유업,KOSDAQ
A083790,크리스탈,KOSDAQ
A272290,이녹스첨단소재,KOSDAQ
A084110,휴온스글로벌,KOSDAQ
A108320,실리콘웍스,KOSDAQ
A183490,엔지켐생명과학,KOSDAQ
A237690,에스티팜,KOSDAQ
A095610,테스,KOSDAQ
A031980,피에스케이,KOSDAQ
A048530,인트론바이오,KOSDAQ
A080160,모두투어,KOSDAQ
A053800,안랩,KOSDAQ
A035600,KG이니시스,KOSDAQ
A144510,녹십자랩셀,KOSDAQ
A067630,에이치엘비생명과학,KOSDAQ
A031390,녹십자셀,KOSDAQ
A039840,디오,KOSDAQ
A058820,CMG제약,KOSDAQ
A086450,동국제약,KOSDAQ
A218410,RFHIC,KOSDAQ
A033290,코웰패션,KOSDAQ
A025770,한국정보통신,KOSDAQ
A122870,와이지엔터테인먼트,KOSDAQ
A043150,바텍,KOSDAQ
A141080,레고켐바이오,KOSDAQ
A010170,대한광통신,KOSDAQ
A092040,아미코젠,KOSDAQ
A067160,아프리카TV,KOSDAQ
A222040,뉴트리바이오텍,KOSDAQ
A006730,서부T&D,KOSDAQ
A025900,동화기업,KOSDAQ
A060570,아이리버,KOSDAQ
A030530,원익홀딩스,KOSDAQ
A140410,메지온,KOSDAQ
A089600,나스미디어,KOSDAQ
A035810,이지바이오,KOSDAQ
A036930,주성엔지니어링,KOSDAQ
A019210,와이지-원,KOSDAQ
A950170,JTC,KOSDAQ
A225570,넷게임즈,KOSDAQ
A032190,다우데이타,KOSDAQ
A066700,테라젠이텍스,KOSDAQ
A095660,네오위즈,KOSDAQ
A051370,인터플렉스,KOSDAQ
A068240,다원시스,KOSDAQ
A041830,인바디,KOSDAQ
A166090,하나머티리얼즈,KOSDAQ
A087010,펩트론,KOSDAQ
A082270,젬백스,KOSDAQ
A237880,클리오,KOSDAQ
A078020,이베스트투자증권,KOSDAQ
A038290,마크로젠,KOSDAQ
A203690,프로스테믹스,KOSDAQ
A067080,대화제약,KOSDAQ
A023890,아트라스BX,KOSDAQ
A182400,에이티젠,KOSDAQ
A074600,원익QnC,KOSDAQ
A032500,케이엠더블유,KOSDAQ
A084370,유진테크,KOSDAQ
A013120,동원개발,KOSDAQ
A051500,CJ프레시웨이,KOSDAQ
A063080,게임빌,KOSDAQ
A053030,바이넥스,KOSDAQ
A213420,덕산네오룩스,KOSDAQ
A092730,네오팜,KOSDAQ
A214450,파마리서치프로덕트,KOSDAQ
A085370,루트로닉,KOSDAQ
A091700,파트론,KOSDAQ
A086390,유니테스트,KOSDAQ
A052020,에스티큐브,KOSDAQ
A057500,SKC 솔믹스,KOSDAQ
A104830,원익머트리얼즈,KOSDAQ
A015750,성우하이텍,KOSDAQ
A123420,선데이토즈,KOSDAQ
A003800,에이스침대,KOSDAQ
A013030,하이록코리아,KOSDAQ
A196170,알테오젠,KOSDAQ
A036630,세종텔레콤,KOSDAQ
A217480,에스디생명공학,KOSDAQ
A119610,인터로조,KOSDAQ
A016250,이테크건설,KOSDAQ
A063570,한국전자금융,KOSDAQ
A049960,쎌바이오텍,KOSDAQ
A241710,코스메카코리아,KOSDAQ
A014620,성광벤드,KOSDAQ
A260930,씨티케이코스메틱스,KOSDAQ
A191420,테고사이언스,KOSDAQ
A044490,태웅,KOSDAQ
A067290,JW신약,KOSDAQ
A115960,연우,KOSDAQ
A083640,인콘,KOSDAQ
A215200,메가스터디교육,KOSDAQ
A241770,메카로,KOSDAQ
A206640,바디텍메드,KOSDAQ
A089030,테크윙,KOSDAQ
A016100,리더스코스메틱,KOSDAQ
A041140,넥슨지티,KOSDAQ
A052710,아모텍,KOSDAQ
A095270,웨이브일렉트로,KOSDAQ
A023160,태광,KOSDAQ
A121800,비덴트,KOSDAQ
A061970,엘비세미콘,KOSDAQ
A024660,하림홀딩스,KOSDAQ
A265520,AP시스템,KOSDAQ
A263770,유에스티,KOSDAQ
A007720,대명코퍼레이션,KOSDAQ
A097780,에스맥,KOSDAQ
A045100,한양이엔지,KOSDAQ
A036000,예림당,KOSDAQ
A099190,아이센스,KOSDAQ
A078600,대주전자재료,KOSDAQ
A080420,모다이노칩,KOSDAQ
A011040,경동제약,KOSDAQ
A228850,레이언스,KOSDAQ
A049180,셀루메드,KOSDAQ
A041190,우리기술투자,KOSDAQ
A122990,와이솔,KOSDAQ
A054780,키이스트,KOSDAQ
A100120,뷰웍스,KOSDAQ
A086980,쇼박스,KOSDAQ
A174900,앱클론,KOSDAQ
A200670,휴메딕스,KOSDAQ
A065620,제낙스,KOSDAQ
A168330,내츄럴엔도텍,KOSDAQ
A060250,NHN한국사이버결제,KOSDAQ
A036200,유니셈,KOSDAQ
A036540,SFA반도체,KOSDAQ
A136480,하림,KOSDAQ
A060150,인선이엔티,KOSDAQ
A030520,한글과컴퓨터,KOSDAQ
A192440,슈피겐코리아,KOSDAQ
A060280,큐렉소,KOSDAQ
A900100,뉴프라이드,KOSDAQ
A208640,썸에이지,KOSDAQ
A214150,클래시스,KOSDAQ
A046440,KG모빌리언스,KOSDAQ
A044340,위닉스,KOSDAQ
A052260,SK바이오랜드,KOSDAQ
A100130,동국S&C,KOSDAQ
A197210,리드,KOSDAQ
A083660,CSA 코스믹,KOSDAQ
A234300,에스트래픽,KOSDAQ
A029960,코엔텍,KOSDAQ
A255440,야스,KOSDAQ
A039440,에스티아이,KOSDAQ
A082920,비츠로셀,KOSDAQ
A054050,농우바이오,KOSDAQ
A043610,지니뮤직,KOSDAQ
A006620,동구바이오제약,KOSDAQ
A185490,아이진,KOSDAQ
A018000,유니슨,KOSDAQ
A183300,코미코,KOSDAQ
A215000,골프존,KOSDAQ
A007820,에스엠코어,KOSDAQ
A048550,SM C&C,KOSDAQ
A091120,이엠텍,KOSDAQ
A023910,대한약품,KOSDAQ
A214180,민앤지,KOSDAQ
A086890,이수앱지스,KOSDAQ
A027050,코리아나,KOSDAQ
A009520,포스코엠텍,KOSDAQ
A064240,홈캐스트,KOSDAQ
A126700,하이비젼시스템,KOSDAQ
A021320,KCC건설,KOSDAQ
A140860,파크시스템스,KOSDAQ
A064260,다날,KOSDAQ
A067390,아스트,KOSDAQ
A142760,바이오리더스,KOSDAQ
A052330,코텍,KOSDAQ
A040350,큐로컴,KOSDAQ
A054950,제이브이엠,KOSDAQ
A194510,파티게임즈,KOSDAQ
A243840,신흥에스이씨,KOSDAQ
A036800,나이스정보통신,KOSDAQ
A166480,코아스템,KOSDAQ
A036890,진성티이씨,KOSDAQ
A018310,삼목에스폼,KOSDAQ
A090360,로보스타,KOSDAQ
A232140,와이아이케이,KOSDAQ
A102210,해덕파워웨이,KOSDAQ
A131030,디에이치피코리아,KOSDAQ
A220630,해마로푸드서비스,KOSDAQ
A058610,에스피지,KOSDAQ
A251370,와이엠티,KOSDAQ
A215360,우리산업,KOSDAQ
A200780,비씨월드제약,KOSDAQ
A069110,코스온,KOSDAQ
A034950,한국기업평가,KOSDAQ
A042520,한스바이오메드,KOSDAQ
A065060,지엔코,KOSDAQ
A065160,에프티이앤이,KOSDAQ
A108790,인터파크,KOSDAQ
A102710,이엔에프테크놀로지,KOSDAQ
A011370,서한,KOSDAQ
A060590,씨티씨바이오,KOSDAQ
A017510,세명전기,KOSDAQ
A064550,바이오니아,KOSDAQ
A201490,미투온,KOSDAQ
A033640,네패스,KOSDAQ
A060720,KH바텍,KOSDAQ
A018120,진로발효,KOSDAQ
A160550,NEW,KOSDAQ
A258830,세종메디칼,KOSDAQ
A054670,대한뉴팜,KOSDAQ
A224060,코디엠,KOSDAQ
A001840,이화공영,KOSDAQ
A033100,제룡전기,KOSDAQ
A216050,인크로스,KOSDAQ
A180400,캔서롭,KOSDAQ
A041440,에버다임,KOSDAQ
A033160,엠케이전자,KOSDAQ
A127160,매직마이크로,KOSDAQ
A064510,에코마이스터,KOSDAQ
A032620,유비케어,KOSDAQ
A155650,와이엠씨,KOSDAQ
A104480,티케이케미칼,KOSDAQ
A095340,ISC,KOSDAQ
A119860,다나와,KOSDAQ
A114570,지스마트글로벌,KOSDAQ
A086040,바이오톡스텍,KOSDAQ
A205500,액션스퀘어,KOSDAQ
A024810,이화전기,KOSDAQ
A227610,아우딘퓨쳐스,KOSDAQ
A217270,넵튠,KOSDAQ
A036190,금화피에스시,KOSDAQ
A032820,우리기술,KOSDAQ
A112240,에스에프씨,KOSDAQ
A017890,한국알콜,KOSDAQ
A065530,전파기지국,KOSDAQ
A005990,매일홀딩스,KOSDAQ
A121440,골프존뉴딘홀딩스,KOSDAQ
A206650,유바이오로직스,KOSDAQ
A263700,케어랩스,KOSDAQ
A187420,제노포커스,KOSDAQ
A046210,파나진,KOSDAQ
A037950,엘컴텍,KOSDAQ
A109610,에스와이패널,KOSDAQ
A067280,멀티캠퍼스,KOSDAQ
A025320,시노펙스,KOSDAQ
A067170,오텍,KOSDAQ
A203650,드림시큐리티,KOSDAQ
A143240,사람인에이치알,KOSDAQ
A031330,에스에이엠티,KOSDAQ
A214270,퓨쳐스트림네트웍스,KOSDAQ
A222800,심텍,KOSDAQ
A042370,비츠로테크,KOSDAQ
A035890,서희건설,KOSDAQ
A043580,에임하이,KOSDAQ
A043370,평화정공,KOSDAQ
A115160,휴맥스,KOSDAQ
A074430,아미노로직스,KOSDAQ
A006910,보성파워텍,KOSDAQ
A078150,HB테크놀러지,KOSDAQ
A118990,모트렉스,KOSDAQ
A037460,삼지전자,KOSDAQ
A030960,양지사,KOSDAQ
A072870,메가스터디,KOSDAQ
A204620,글로벌텍스프리,KOSDAQ
A138690,엘아이에스,KOSDAQ
A089980,상아프론테크,KOSDAQ
A144960,뉴파워프라즈마,KOSDAQ
A038060,루멘스,KOSDAQ
A036030,KTH,KOSDAQ
A064800,필링크,KOSDAQ
A065650,메디프론,KOSDAQ
A018290,지엠피,KOSDAQ
A053980,오상자이엘,KOSDAQ
A225530,보광산업,KOSDAQ
A178320,서진시스템,KOSDAQ
A206560,덱스터,KOSDAQ
A005160,동국산업,KOSDAQ
A131390,피앤이솔루션,KOSDAQ
A251630,브이원텍,KOSDAQ
A053950,경남제약,KOSDAQ
A039560,다산네트웍스,KOSDAQ
A123100,원익테라세미콘,KOSDAQ
A052400,코나아이,KOSDAQ
A215790,이노인스트루먼트,KOSDAQ
A217730,강스템바이오텍,KOSDAQ
A950110,SBI핀테크솔루션즈,KOSDAQ
A008290,원풍물산,KOSDAQ
A196450,텔루스,KOSDAQ
A014200,광림,KOSDAQ
A083310,엘오티베큠,KOSDAQ
A065170,넥스트BT,KOSDAQ
A019550,SBI인베스트먼트,KOSDAQ
A100700,세운메디칼,KOSDAQ
A241690,유니테크노,KOSDAQ
A122640,예스티,KOSDAQ
A053610,프로텍,KOSDAQ
A193250,와이제이엠게임즈,KOSDAQ
A114810,아이원스,KOSDAQ
A092130,이크레더블,KOSDAQ
A900290,GRT,KOSDAQ
A150840,인트로메딕,KOSDAQ
A013990,아가방컴퍼니,KOSDAQ
A035080,인터파크홀딩스,KOSDAQ
A137940,넥스트아이,KOSDAQ
A056080,유진로봇,KOSDAQ
A230360,에코마케팅,KOSDAQ
A161580,필옵틱스,KOSDAQ
A089140,넥스턴,KOSDAQ
A225190,삼양옵틱스,KOSDAQ
A115180,큐리언트,KOSDAQ
A079370,제우스,KOSDAQ
A048410,현대아이비티,KOSDAQ
A090470,제이스텍,KOSDAQ
A094850,참좋은여행,KOSDAQ
A091590,남화토건,KOSDAQ
A900310,컬러레이,KOSDAQ
A171120,라이온켐텍,KOSDAQ
A239610,에이치엘사이언스,KOSDAQ
A067000,조이시티,KOSDAQ
A117670,알파홀딩스,KOSDAQ
A121600,나노신소재,KOSDAQ
A123860,아나패스,KOSDAQ
A032790,엠젠플러스,KOSDAQ
A094940,푸른기술,KOSDAQ
A138360,에이씨티,KOSDAQ
A066980,브레인콘텐츠,KOSDAQ
A033500,동성화인텍,KOSDAQ
A194480,데브시스터즈,KOSDAQ
A052790,액토즈소프트,KOSDAQ
A046120,오르비텍,KOSDAQ
A073560,우리손에프앤지,KOSDAQ
A141000,비아트론,KOSDAQ
A071200,인피니트헬스케어,KOSDAQ
A072020,중앙백신,KOSDAQ
A040910,아이씨디,KOSDAQ
A267790,배럴,KOSDAQ
A067990,도이치모터스,KOSDAQ
A077360,덕산하이메탈,KOSDAQ
A042040,케이피엠테크,KOSDAQ
A021080,에이티넘인베스트,KOSDAQ
A050890,쏠리드,KOSDAQ
A066430,와이오엠,KOSDAQ
A001540,안국약품,KOSDAQ
A149940,모다,KOSDAQ
A047310,파워로직스,KOSDAQ
A122450,KMH,KOSDAQ
A046140,SBS콘텐츠허브,KOSDAQ
A012700,리드코프,KOSDAQ
A079970,투비소프트,KOSDAQ
A090730,SIMPAC Metal,KOSDAQ
A900300,오가닉티코스메틱,KOSDAQ
A060560,홈센타홀딩스,KOSDAQ
A033340,좋은사람들,KOSDAQ
A260660,알리코제약,KOSDAQ
A140070,서플러스글로벌,KOSDAQ
A053110,소리바다,KOSDAQ
A052420,오성첨단소재,KOSDAQ
A032940,원익,KOSDAQ
A053300,한국정보인증,KOSDAQ
A011560,세보엠이씨,KOSDAQ
A097520,엠씨넥스,KOSDAQ
A131290,티에스이,KOSDAQ
A138580,비즈니스온,KOSDAQ
A026180,현대정보기술,KOSDAQ
A263720,디앤씨미디어,KOSDAQ
A066620,국보디자인,KOSDAQ
A900260,로스웰,KOSDAQ
A222110,팬젠,KOSDAQ
A086960,한컴MDS,KOSDAQ
A022220,정산애강,KOSDAQ
A109960,에이프로젠 H&G,KOSDAQ
A094480,갤럭시아컴즈,KOSDAQ
A225330,씨엠에스에듀,KOSDAQ
A020710,시공테크,KOSDAQ
A044480,바이오제네틱스,KOSDAQ
A096630,에스코넥,KOSDAQ
A014100,보령메디앙스,KOSDAQ
A033320,제이씨현시스템,KOSDAQ
A049070,인탑스,KOSDAQ
A035610,솔본,KOSDAQ
A054800,아이디스홀딩스,KOSDAQ
A095190,이엠코리아,KOSDAQ
A004650,창해에탄올,KOSDAQ
A255220,SG,KOSDAQ
A088800,에이스테크,KOSDAQ
A048870,시너지이노베이션,KOSDAQ
A026040,제이에스티나,KOSDAQ
A131970,테스나,KOSDAQ
A064090,에프앤리퍼블릭,KOSDAQ
A214310,세미콘라이트,KOSDAQ
A173940,에프엔씨엔터,KOSDAQ
A063170,서울옥션,KOSDAQ
A219550,MP한강,KOSDAQ
A039860,나노엔텍,KOSDAQ
A053350,이니텍,KOSDAQ
A068790,DMS,KOSDAQ
A060310,3S,KOSDAQ
A023600,삼보판지,KOSDAQ
A060240,룽투코리아,KOSDAQ
A192410,감마누,KOSDAQ
A236200,슈프리마,KOSDAQ
A034810,해성산업,KOSDAQ
A252500,세화피앤씨,KOSDAQ
A003100,선광,KOSDAQ
A028040,미래SCI,KOSDAQ
A007680,대원,KOSDAQ
A034940,조아제약,KOSDAQ
A019660,글로본,KOSDAQ
A054450,텔레칩스,KOSDAQ
A151860,KG ETS,KOSDAQ
A060300,레드로버,KOSDAQ
A041590,에너전트,KOSDAQ
A089230,THE E&M,KOSDAQ
A109740,디에스케이,KOSDAQ
A078890,가온미디어,KOSDAQ
A091970,나노캠텍,KOSDAQ
A214430,아이쓰리시스템,KOSDAQ
A078130,국일제지,KOSDAQ
A023900,풍국주정,KOSDAQ
A101730,조이맥스,KOSDAQ
A222810,바이오닉스진,KOSDAQ
A204840,지엘팜텍,KOSDAQ
A041910,에스텍파마,KOSDAQ
A217600,켐온,KOSDAQ
A083650,비에이치아이,KOSDAQ
A059090,미코,KOSDAQ
A042420,네오위즈홀딩스,KOSDAQ
A036120,SCI평가정보,KOSDAQ
A104200,NHN벅스,KOSDAQ
A091580,상신이디피,KOSDAQ
A058400,KNN,KOSDAQ
A038880,아이에이,KOSDAQ
A005710,대원산업,KOSDAQ
A136540,윈스,KOSDAQ
A038390,레드캡투어,KOSDAQ
A900270,헝셩그룹,KOSDAQ
A160980,싸이맥스,KOSDAQ
A041460,한국전자인증,KOSDAQ
A065560,녹원씨엔아이,KOSDAQ
A147830,제룡산업,KOSDAQ
A080220,제주반도체,KOSDAQ
A049080,기가레인,KOSDAQ
A259630,엠플러스,KOSDAQ
A051360,토비스,KOSDAQ
A014470,부방,KOSDAQ
A049520,유아이엘,KOSDAQ
A140670,알에스오토메이션,KOSDAQ
A114120,크루셜텍,KOSDAQ
A015710,코콤,KOSDAQ
A039830,오로라,KOSDAQ
A950130,엑세스바이오,KOSDAQ
A016600,큐캐피탈,KOSDAQ
A093190,빅솔론,KOSDAQ
A025440,대성엘텍,KOSDAQ
A246720,아스타,KOSDAQ
A053590,한국테크놀로지,KOSDAQ
A050110,캠시스,KOSDAQ
A108380,대양전기공업,KOSDAQ
A065510,휴비츠,KOSDAQ
A036560,영풍정밀,KOSDAQ
A009780,엠에스씨,KOSDAQ
A066590,우수AMS,KOSDAQ
A027710,팜스토리,KOSDAQ
A036810,에프에스티,KOSDAQ
A009300,삼아제약,KOSDAQ
A222420,쎄노텍,KOSDAQ
A222080,씨아이에스,KOSDAQ
A039980,리노스,KOSDAQ
A137400,피엔티,KOSDAQ
A036170,씨티엘,KOSDAQ
A187220,디티앤씨,KOSDAQ
A092070,디엔에프,KOSDAQ
A130580,나이스디앤비,KOSDAQ
A002800,신신제약,KOSDAQ
A205100,엑셈,KOSDAQ
A090710,디에스티로봇,KOSDAQ
A047770,코데즈컴바인,KOSDAQ
A900250,크리스탈신소재,KOSDAQ
A108860,셀바스AI,KOSDAQ
A122310,제노레이,KOSDAQ
A198440,고려시멘트,KOSDAQ
A054620,APS홀딩스,KOSDAQ
A950140,잉글우드랩,KOSDAQ
A217500,러셀,KOSDAQ
A111870,삼본정밀전자,KOSDAQ
A204630,화이브라더스코리아,KOSDAQ
A007330,푸른저축은행,KOSDAQ
A196490,디에이테크놀로지,KOSDAQ
A066410,투윈글로벌,KOSDAQ
A043090,팜스웰바이오,KOSDAQ
A054180,중앙오션,KOSDAQ
A059210,메타바이오메드,KOSDAQ
A131370,알서포트,KOSDAQ
A053700,삼보모터스,KOSDAQ
A101330,모베이스,KOSDAQ
A082210,옵트론텍,KOSDAQ
A067310,하나마이크론,KOSDAQ
A071460,대유위니아,KOSDAQ
A033170,시그네틱스,KOSDAQ
A036180,영인프런티어,KOSDAQ
A065950,웰크론,KOSDAQ
A096240,청담러닝,KOSDAQ
A126870,뉴로스,KOSDAQ
A221840,하이즈항공,KOSDAQ
A036090,위지트,KOSDAQ
A093920,서원인텍,KOSDAQ
A123840,한일진공,KOSDAQ
A211270,AP위성,KOSDAQ
A069510,에스텍,KOSDAQ
A035620,바른손이앤에이,KOSDAQ
A094820,일진파워,KOSDAQ
A264450,유비쿼스,KOSDAQ
A097870,효성오앤비,KOSDAQ
A093320,케이아이엔엑스,KOSDAQ
A036010,아비코전자,KOSDAQ
A002230,피에스텍,KOSDAQ
A037350,성도이엔지,KOSDAQ
A204990,현성바이탈,KOSDAQ
A056090,유앤아이,KOSDAQ
A149950,아바텍,KOSDAQ
A047820,초록뱀,KOSDAQ
A068330,일신바이오,KOSDAQ
A021040,대호피앤씨,KOSDAQ
A024800,유성티엔에스,KOSDAQ
A263600,덕우전자,KOSDAQ
A040160,누리텔레콤,KOSDAQ
A048910,대원미디어,KOSDAQ
A057540,옴니시스템,KOSDAQ
A099660,한솔신텍,KOSDAQ
A026150,특수건설,KOSDAQ
A023760,한국캐피탈,KOSDAQ
A088130,동아엘텍,KOSDAQ
A040420,정상제이엘에스,KOSDAQ
A060230,이그잭스,KOSDAQ
A241820,피씨엘,KOSDAQ
A063440,SM Life Design,KOSDAQ
A189300,인텔리안테크,KOSDAQ
A036670,KCI,KOSDAQ
A083930,아바코,KOSDAQ
A048470,대동스틸,KOSDAQ
A100090,삼강엠앤티,KOSDAQ
A156100,엘앤케이바이오,KOSDAQ
A024950,삼천리자전거,KOSDAQ
A094170,동운아나텍,KOSDAQ
A058530,크레아플래닛,KOSDAQ
A079650,서산,KOSDAQ
A049630,재영솔루텍,KOSDAQ
A065680,우주일렉트로,KOSDAQ
A043650,국순당,KOSDAQ
A078140,대봉엘에스,KOSDAQ
A179900,유티아이,KOSDAQ
A123330,제닉,KOSDAQ
A045970,코아시아홀딩스,KOSDAQ
A078070,유비쿼스홀딩스,KOSDAQ
A072470,우리산업홀딩스,KOSDAQ
A065130,탑엔지니어링,KOSDAQ
A053280,예스24,KOSDAQ
A046070,코다코,KOSDAQ
A277070,린드먼아시아,KOSDAQ
A046940,우원개발,KOSDAQ
A063760,이엘피,KOSDAQ
A053450,세코닉스,KOSDAQ
A032980,바이온,KOSDAQ
A080000,에스엔유,KOSDAQ
A073640,삼원테크,KOSDAQ
A038870,에코바이오,KOSDAQ
A069540,라이트론,KOSDAQ
A088390,이녹스,KOSDAQ
A071670,에이테크솔루션,KOSDAQ
A192250,케이사인,KOSDAQ
A065150,MP그룹,KOSDAQ
A054220,비츠로시스,KOSDAQ
A159580,제로투세븐,KOSDAQ
A014190,원익큐브,KOSDAQ
A101160,월덱스,KOSDAQ
A038460,바이오스마트,KOSDAQ
A220100,퓨쳐켐,KOSDAQ
A082800,루미마이크로,KOSDAQ
A060370,KT서브마린,KOSDAQ
A195990,유지인트,KOSDAQ
A068930,디지털대성,KOSDAQ
A004780,대륙제관,KOSDAQ
A039010,현대통신,KOSDAQ
A079940,가비아,KOSDAQ
A104040,대성파인텍,KOSDAQ
A043200,파루,KOSDAQ
A206400,엔터메이트,KOSDAQ
A228340,동양파일,KOSDAQ
A065940,바이오빌,KOSDAQ
A142280,녹십자엠에스,KOSDAQ
A084730,팅크웨어,KOSDAQ
A061250,화일약품,KOSDAQ
A101400,엔시트론,KOSDAQ
A056730,포스링크,KOSDAQ
A119850,지엔씨에너지,KOSDAQ
A171090,선익시스템,KOSDAQ
A099320,쎄트렉아이,KOSDAQ
A040300,YTN,KOSDAQ
A096690,제이스테판,KOSDAQ
A141020,포티스,KOSDAQ
A033560,블루콤,KOSDAQ
A099440,스맥,KOSDAQ
A073490,이노와이어리스,KOSDAQ
A039420,케이엘넷,KOSDAQ
A088910,동우팜투테이블,KOSDAQ
A033540,파라텍,KOSDAQ
A043340,에쎈테크,KOSDAQ
A080010,이상네트웍스,KOSDAQ
A083550,케이엠,KOSDAQ
A139050,데일리블록체인,KOSDAQ
A012790,신일제약,KOSDAQ
A072520,케이디 네이쳐 엔 바이오,KOSDAQ
A073570,에이티테크놀러지,KOSDAQ
A090850,이지웰페어,KOSDAQ
A100660,서암기계공업,KOSDAQ
A043910,자연과환경,KOSDAQ
A079190,EMW,KOSDAQ
A027830,대성창투,KOSDAQ
A106240,파인테크닉스,KOSDAQ
A122350,삼기오토모티브,KOSDAQ
A102120,어보브반도체,KOSDAQ
A133750,메가엠디,KOSDAQ
A038160,팍스넷,KOSDAQ
A065350,신성델타테크,KOSDAQ
A042510,라온시큐어,KOSDAQ
A095910,에스에너지,KOSDAQ
A196300,애니젠,KOSDAQ
A099220,SDN,KOSDAQ
A014570,고려제약,KOSDAQ
A120240,대정화금,KOSDAQ
A066360,체리부로,KOSDAQ
A087260,모바일어플라이언스,KOSDAQ
A047080,한빛소프트,KOSDAQ
A238090,앤디포스,KOSDAQ
A208860,엔지스테크널러지,KOSDAQ
A170920,엘티씨,KOSDAQ
A049480,오픈베이스,KOSDAQ
A900280,골든센츄리,KOSDAQ
A031510,오스템,KOSDAQ
A017480,삼현철강,KOSDAQ
A043290,케이맥,KOSDAQ
A024880,케이피에프,KOSDAQ
A900040,차이나그레이트,KOSDAQ
A081150,티플랙스,KOSDAQ
A013310,아진산업,KOSDAQ
A223310,이에스브이,KOSDAQ
A084650,랩지노믹스,KOSDAQ
A085810,알티캐스트,KOSDAQ
A039340,한국경제TV,KOSDAQ
A054340,피앤텔,KOSDAQ
A095500,미래나노텍,KOSDAQ
A234920,자이글,KOSDAQ
A013810,스페코,KOSDAQ
A067900,와이엔텍,KOSDAQ
A018680,서울제약,KOSDAQ
A045660,에이텍,KOSDAQ
A140520,대창스틸,KOSDAQ
A011320,유니크,KOSDAQ
A032850,비트컴퓨터,KOSDAQ
A069410,엔텔스,KOSDAQ
A114450,KPX생명과학,KOSDAQ
A092870,엑시콘,KOSDAQ
A131100,리켐,KOSDAQ
A006580,대양제지,KOSDAQ
A017650,대림제지,KOSDAQ
A225650,쿠첸,KOSDAQ
A079960,동양이엔피,KOSDAQ
A047920,씨트리,KOSDAQ
A069920,아이에스이커머스,KOSDAQ
A051490,나라엠앤디,KOSDAQ
A066110,한프,KOSDAQ
A092460,한라IMS,KOSDAQ
A080520,오디텍,KOSDAQ
A050120,라이브플렉스,KOSDAQ
A025950,동신건설,KOSDAQ
A220260,켐트로스,KOSDAQ
A048430,유라테크,KOSDAQ
A065710,서호전기,KOSDAQ
A053620,태양,KOSDAQ
A005860,한일사료,KOSDAQ
A059120,아진엑스텍,KOSDAQ
A241790,오션브릿지,KOSDAQ
A038070,서린바이오,KOSDAQ
A148140,비디아이,KOSDAQ
A040610,SG&G,KOSDAQ
A043220,에이치엘비파워,KOSDAQ
A104540,코렌텍,KOSDAQ
A014970,삼륭물산,KOSDAQ
A057680,옴니텔,KOSDAQ
A033130,디지틀조선,KOSDAQ
A064520,바른전자,KOSDAQ
A061040,알에프텍,KOSDAQ
A071850,캐스텍코리아,KOSDAQ
A089010,켐트로닉스,KOSDAQ
A035290,더블유에프엠,KOSDAQ
A101490,에스앤에스텍,KOSDAQ
A024840,갑을메탈,KOSDAQ
A250000,보라티알,KOSDAQ
A033600,이젠텍,KOSDAQ
A010470,오리콤,KOSDAQ
A025550,한국선재,KOSDAQ
A237750,피앤씨테크,KOSDAQ
A219420,링크제니시스,KOSDAQ
A058630,엠게임,KOSDAQ
A065450,빅텍,KOSDAQ
A081970,넥스지,KOSDAQ
A208350,지란지교시큐리티,KOSDAQ
A134780,화진,KOSDAQ
A030350,드래곤플라이,KOSDAQ
A215380,우정바이오,KOSDAQ
A207760,미스터블루,KOSDAQ
A200710,에이디테크놀로지,KOSDAQ
A072770,네오디안테크놀로지,KOSDAQ
A052300,W홀딩컴퍼니,KOSDAQ
A900080,에스앤씨엔진그룹,KOSDAQ
A143160,아이디스,KOSDAQ
A001000,신라섬유,KOSDAQ
A106190,하이텍팜,KOSDAQ
A046110,한일네트웍스,KOSDAQ
A083450,GST,KOSDAQ
A037070,파세코,KOSDAQ
A093520,매커스,KOSDAQ
A042940,상지카일룸,KOSDAQ
A049430,코메론,KOSDAQ
A041020,인프라웨어,KOSDAQ
A086670,비엠티,KOSDAQ
A037440,희림,KOSDAQ
A092600,넥스트칩,KOSDAQ
A214680,디알텍,KOSDAQ
A045520,크린앤사이언스,KOSDAQ
A096640,멜파스,KOSDAQ
A043710,서울리거,KOSDAQ
A138610,나이벡,KOSDAQ
A033230,인성정보,KOSDAQ
A182360,큐브엔터,KOSDAQ
A066900,디에이피,KOSDAQ
A126600,코프라,KOSDAQ
A094970,제이엠티,KOSDAQ
A047560,이스트소프트,KOSDAQ
A052220,iMBC,KOSDAQ
A137950,제이씨케미칼,KOSDAQ
A032960,동일기연,KOSDAQ
A079950,인베니아,KOSDAQ
A010240,흥국,KOSDAQ
A058220,아리온,KOSDAQ
A038680,에스넷,KOSDAQ
A052290,트레이스,KOSDAQ
A042600,새로닉스,KOSDAQ
A041920,메디아나,KOSDAQ
A226360,이엑스티,KOSDAQ
A159910,스킨앤스킨,KOSDAQ
A053260,금강철강,KOSDAQ
A138080,오이솔루션,KOSDAQ
A054930,유신,KOSDAQ
A109860,동일금속,KOSDAQ
A241520,DSC인베스트먼트,KOSDAQ
A027040,서울전자통신,KOSDAQ
A067570,엔브이에이치코리아,KOSDAQ
A101170,우림기계,KOSDAQ
A115310,인포바인,KOSDAQ
A149980,하이로닉,KOSDAQ
A036710,심텍홀딩스,KOSDAQ
A147760,마이크로프랜드,KOSDAQ
A056360,코위버,KOSDAQ
A049830,승일,KOSDAQ
A042110,에스씨디,KOSDAQ
A265560,영화테크,KOSDAQ
A184230,SGA솔루션즈,KOSDAQ
A037370,EG,KOSDAQ
A001810,무림SP,KOSDAQ
A238490,힘스,KOSDAQ
A036690,코맥스,KOSDAQ
A160600,에스엔텍,KOSDAQ
A054090,삼진엘앤디,KOSDAQ
A131090,시큐브,KOSDAQ
A068050,팬엔터테인먼트,KOSDAQ
A045510,정원엔시스,KOSDAQ
A006920,모헨즈,KOSDAQ
A024120,KB오토시스,KOSDAQ
A158310,인터불스,KOSDAQ
A900070,글로벌에스엠,KOSDAQ
A208370,셀바스헬스케어,KOSDAQ
A066670,디스플레이텍,KOSDAQ
A049470,SGA,KOSDAQ
A048770,TPC,KOSDAQ
A049120,파인디앤씨,KOSDAQ
A004590,한국가구,KOSDAQ
A208140,정다운,KOSDAQ
A037760,쎄니트,KOSDAQ
A036260,이매진아시아,KOSDAQ
A101390,아이엠,KOSDAQ
A039230,폭스브레인,KOSDAQ
A073110,엘엠에스,KOSDAQ
A066130,하츠,KOSDAQ
A138070,신진에스엠,KOSDAQ
A033830,티비씨,KOSDAQ
A123040,엠에스오토텍,KOSDAQ
A043100,솔고바이오,KOSDAQ
A127120,디엔에이링크,KOSDAQ
A900090,차이나하오란,KOSDAQ
A090410,덕신하우징,KOSDAQ
A217620,디딤,KOSDAQ
A006140,피제이전자,KOSDAQ
A050090,휘닉스소재,KOSDAQ
A064820,케이프,KOSDAQ
A111820,지와이커머스,KOSDAQ
A018620,우진비앤지,KOSDAQ
A106080,알비케이이엠디,KOSDAQ
A246690,티에스인베스트먼트,KOSDAQ
A089850,유비벨록스,KOSDAQ
A234100,세원,KOSDAQ
A057880,토필드,KOSDAQ
A217820,엔에스,KOSDAQ
A030270,에스마크,KOSDAQ
A019590,엠벤처투자,KOSDAQ
A114630,우노앤컴퍼니,KOSDAQ
A131180,딜리,KOSDAQ
A263810,상신전자,KOSDAQ
A056700,신화인터텍,KOSDAQ
A054210,이랜텍,KOSDAQ
A218150,미래생명자원,KOSDAQ
A052860,아이앤씨,KOSDAQ
A043590,크로바하이텍,KOSDAQ
A123410,코리아에프티,KOSDAQ
A019010,그랜드백화점,KOSDAQ
A177350,베셀,KOSDAQ
A215090,한컴유니맥스,KOSDAQ
A066910,손오공,KOSDAQ
A050860,아세아텍,KOSDAQ
A105550,트루윈,KOSDAQ
A036640,HRS,KOSDAQ
A041930,동아화성,KOSDAQ
A041520,이라이콤,KOSDAQ
A035480,마제스타,KOSDAQ
A154030,아시아종묘,KOSDAQ
A200470,하이셈,KOSDAQ
A115500,케이씨에스,KOSDAQ
A052770,와이디온라인,KOSDAQ
A190510,나무가,KOSDAQ
A096040,이트론,KOSDAQ
A012860,서연전자,KOSDAQ
A031310,아이즈비전,KOSDAQ
A264660,씨앤지하이테크,KOSDAQ
A087600,픽셀플러스,KOSDAQ
A127710,아시아경제,KOSDAQ
A060900,퍼시픽바이오,KOSDAQ
A039610,화성밸브,KOSDAQ
A037230,한국팩키지,KOSDAQ
A094840,슈프리마에이치큐,KOSDAQ
A126880,제이엔케이히터,KOSDAQ
A033200,모아텍,KOSDAQ
A065570,삼영이엔씨,KOSDAQ
A101240,씨큐브,KOSDAQ
A250060,모비스,KOSDAQ
A900120,씨케이에이치,KOSDAQ
A024830,세원물산,KOSDAQ
A006050,국영지앤엠,KOSDAQ
A046390,삼화네트웍스,KOSDAQ
A161570,미동앤씨네마,KOSDAQ
A106520,디지탈옵틱,KOSDAQ
A017000,신원종합개발,KOSDAQ
A171010,램테크놀러지,KOSDAQ
A003310,대주산업,KOSDAQ
A269620,시스웍,KOSDAQ
A187790,나노,KOSDAQ
A089890,코세스,KOSDAQ
A085670,뉴프렉스,KOSDAQ
A142210,유니트론텍,KOSDAQ
A263920,에스엔피월드,KOSDAQ
A042500,링네트,KOSDAQ
A114190,웰크론강원,KOSDAQ
A189980,흥국에프엔비,KOSDAQ
A039290,인포뱅크,KOSDAQ
A049550,잉크테크,KOSDAQ
A037330,인지디스플레,KOSDAQ
A224110,에이텍티앤,KOSDAQ
A032800,판타지오,KOSDAQ
A109820,진매트릭스,KOSDAQ
A076080,웰크론한텍,KOSDAQ
A101000,디엠씨,KOSDAQ
A019990,에너토크,KOSDAQ
A017680,데코앤이,KOSDAQ
A036480,대성미생물,KOSDAQ
A178780,유테크,KOSDAQ
A046970,우리로,KOSDAQ
A028080,휴맥스홀딩스,KOSDAQ
A213090,미래테크놀로지,KOSDAQ
A105740,디케이락,KOSDAQ
A208710,바이오로그디바이스,KOSDAQ
A032680,소프트센,KOSDAQ
A024740,한일단조,KOSDAQ
A065690,대진디엠피,KOSDAQ
A122690,서진오토모티브,KOSDAQ
A050540,한국코퍼레이션,KOSDAQ
A051780,큐로홀딩스,KOSDAQ
A054630,에이디칩스,KOSDAQ
A123570,이엠넷,KOSDAQ
A052670,제일바이오,KOSDAQ
A032540,TJ미디어,KOSDAQ
A101930,인화정공,KOSDAQ
A054540,삼영엠텍,KOSDAQ
A009730,코센,KOSDAQ
A263860,지니언스,KOSDAQ
A222980,한국맥널티,KOSDAQ
A096350,대창솔루션,KOSDAQ
A044960,이-글 벳,KOSDAQ
A226350,아이엠텍,KOSDAQ
A221980,케이디켐,KOSDAQ
A081580,성우전자,KOSDAQ
A115440,우리넷,KOSDAQ
A215480,토박스코리아,KOSDAQ
A007370,진양제약,KOSDAQ
A033790,스카이문스테크놀로지,KOSDAQ
A039240,경남스틸,KOSDAQ
A092300,현우산업,KOSDAQ
A094190,이엘케이,KOSDAQ
A123260,STC,KOSDAQ
A050960,수산아이앤티,KOSDAQ
A148250,알엔투테크놀로지,KOSDAQ
A087730,네패스신소재,KOSDAQ
A078940,일경산업개발,KOSDAQ
A189690,포시에스,KOSDAQ
A071280,로체시스템즈,KOSDAQ
A080470,성창오토텍,KOSDAQ
A016670,포비스티앤씨,KOSDAQ
A205470,휴마시스,KOSDAQ
A170030,현대공업,KOSDAQ
A097800,윈팩,KOSDAQ
A078860,아이오케이,KOSDAQ
A124500,아이티센,KOSDAQ
A263800,데이타솔루션,KOSDAQ
A027580,상보,KOSDAQ
A039310,세중,KOSDAQ
A175140,인포마크,KOSDAQ
A054040,한국컴퓨터,KOSDAQ
A187870,디바이스이엔지,KOSDAQ
A136510,쎄미시스코,KOSDAQ
A023460,CNH,KOSDAQ
A033430,디에스티,KOSDAQ
A128660,피제이메탈,KOSDAQ
A012340,뉴인텍,KOSDAQ
A263540,샘코,KOSDAQ
A060540,에스에이티,KOSDAQ
A195440,퓨전데이타,KOSDAQ
A065500,오리엔트정공,KOSDAQ
A900110,이스트아시아홀딩스,KOSDAQ
A094360,칩스앤미디어,KOSDAQ
A084180,수성,KOSDAQ
A049720,고려신용정보,KOSDAQ
A031860,엔에스엔,KOSDAQ
A024910,경창산업,KOSDAQ
A119500,포메탈,KOSDAQ
A238120,로고스바이오,KOSDAQ
A039020,이건홀딩스,KOSDAQ
A072990,에이치시티,KOSDAQ
A053290,NE능률,KOSDAQ
A044180,KD건설,KOSDAQ
A191410,육일씨엔에쓰,KOSDAQ
A067920,이글루시큐리티,KOSDAQ
A045060,오공,KOSDAQ
A154040,솔루에타,KOSDAQ
A035460,기산텔레콤,KOSDAQ
A054920,한컴시큐어,KOSDAQ
A226400,오스테오닉,KOSDAQ
A225590,패션플랫폼,KOSDAQ
A002680,한탑,KOSDAQ
A113810,디젠스,KOSDAQ
A054940,엑사이엔씨,KOSDAQ
A053160,프리엠스,KOSDAQ
A046310,백금T&A,KOSDAQ
A192390,윈하이텍,KOSDAQ
A053050,지에스이,KOSDAQ
A008370,원풍,KOSDAQ
A177830,파버나인,KOSDAQ
A064290,인텍플러스,KOSDAQ
A089530,에이티세미콘,KOSDAQ
A038620,위즈코프,KOSDAQ
A005670,푸드웰,KOSDAQ
A103230,에스앤더블류,KOSDAQ
A143540,영우디에스피,KOSDAQ
A012620,원일특강,KOSDAQ
A115480,씨유메디칼,KOSDAQ
A079000,와토스코리아,KOSDAQ
A057030,와이비엠넷,KOSDAQ
A008470,부스타,KOSDAQ
A086060,진바이오텍,KOSDAQ
A076610,해성옵틱스,KOSDAQ
A214870,에치디프로,KOSDAQ
A032750,삼진,KOSDAQ
A068940,아이씨케이,KOSDAQ
A019540,일지테크,KOSDAQ
A011080,형지I&C,KOSDAQ
A126640,화신정공,KOSDAQ
A033310,디케이디앤아이,KOSDAQ
A078650,코렌,KOSDAQ
A062860,티엘아이,KOSDAQ
A044060,조광ILI,KOSDAQ
A075970,동국알앤에스,KOSDAQ
A065770,CS,KOSDAQ
A065420,에스아이리소스,KOSDAQ
A052460,아이크래프트,KOSDAQ
A052900,KMH하이텍,KOSDAQ
A075130,플랜티넷,KOSDAQ
A176440,에이치엔티,KOSDAQ
A212560,네오오토,KOSDAQ
A174880,장원테크,KOSDAQ
A256940,케이피에스,KOSDAQ
A045890,DB라이텍,KOSDAQ
A036620,버추얼텍,KOSDAQ
A045300,성우테크론,KOSDAQ
A064480,브리지텍,KOSDAQ
A189860,서전기전,KOSDAQ
A131400,액트,KOSDAQ
A038530,골드퍼시픽,KOSDAQ
A017250,인터엠,KOSDAQ
A065440,이루온,KOSDAQ
A038950,파인디지털,KOSDAQ
A021880,메이슨캐피탈,KOSDAQ
A082850,우리이티아이,KOSDAQ
A085910,네오티스,KOSDAQ
A219130,타이거일렉,KOSDAQ
A066310,큐에스아이,KOSDAQ
A109080,옵티시스,KOSDAQ
A131220,대한과학,KOSDAQ
A020180,대신정보통신,KOSDAQ
A091340,S&K폴리텍,KOSDAQ
A002290,삼일기업공사,KOSDAQ
A153490,우리이앤엘,KOSDAQ
A032860,GMR 머티리얼즈,KOSDAQ
A007770,한일화학,KOSDAQ
A019770,서연탑메탈,KOSDAQ
A070300,한솔시큐어,KOSDAQ
A258610,이더블유케이,KOSDAQ
A018700,바른손,KOSDAQ
A038340,UCI,KOSDAQ
A181340,이즈미디어,KOSDAQ
A039670,스포츠서울,KOSDAQ
A035200,프럼파스트,KOSDAQ
A094860,코닉글로리,KOSDAQ
A130500,GH신소재,KOSDAQ
A215100,로보로보,KOSDAQ
A066790,씨씨에스,KOSDAQ
A089150,케이씨티,KOSDAQ
A187270,신화콘텍,KOSDAQ
A024060,흥구석유,KOSDAQ
A104460,동양피엔에프,KOSDAQ
A050320,에이앤티앤,KOSDAQ
A032080,아즈텍WB,KOSDAQ
A025880,케이씨피드,KOSDAQ
A032580,피델릭스,KOSDAQ
A150900,파수닷컴,KOSDAQ
A060480,국일신동,KOSDAQ
A083500,에프엔에스테크,KOSDAQ
A060260,뉴보텍,KOSDAQ
A101670,코리아에스이,KOSDAQ
A051390,YW,KOSDAQ
A052190,이에스에이,KOSDAQ
A038110,에코플라스틱,KOSDAQ
A016920,카스,KOSDAQ
A033110,이디,KOSDAQ
A072950,빛샘전자,KOSDAQ
A054300,팬스타엔터프라이즈,KOSDAQ
A141070,맥스로텍,KOSDAQ
A123750,알톤스포츠,KOSDAQ
A093640,다믈멀티미디어,KOSDAQ
A038010,제일테크노스,KOSDAQ
A021650,한국큐빅,KOSDAQ
A053660,현진소재,KOSDAQ
A023440,제일제강,KOSDAQ
A014940,오리엔탈정공,KOSDAQ
A032280,삼일,KOSDAQ
A220180,핸디소프트,KOSDAQ
A037400,우리조명,KOSDAQ
A053270,구영테크,KOSDAQ
A059100,아이컴포넌트,KOSDAQ
A048830,엔피케이,KOSDAQ
A203450,유니온커뮤니티,KOSDAQ
A056000,신스타임즈,KOSDAQ
A000440,중앙에너비스,KOSDAQ
A033050,제이엠아이,KOSDAQ
A090740,연이정보통신,KOSDAQ
A170790,파이오링크,KOSDAQ
A078350,한양디지텍,KOSDAQ
A091440,텔레필드,KOSDAQ
A121850,코이즈,KOSDAQ
A010280,쌍용정보통신,KOSDAQ
A096610,알에프세미,KOSDAQ
A023790,동일철강,KOSDAQ
A008800,행남사,KOSDAQ
A230980,솔트웍스,KOSDAQ
A115570,스타플렉스,KOSDAQ
A196700,웹스,KOSDAQ
A052600,한네트,KOSDAQ
A100030,모바일리더,KOSDAQ
A079170,한창산업,KOSDAQ
A130740,티피씨글로벌,KOSDAQ
A050760,에스폴리텍,KOSDAQ
A080530,코디,KOSDAQ
A098120,마이크로컨텍솔,KOSDAQ
A044780,에이치케이,KOSDAQ
A073540,에프알텍,KOSDAQ
A060380,동양에스텍,KOSDAQ
A067010,이씨에스,KOSDAQ
A039740,한국정보공학,KOSDAQ
A078590,두올산업,KOSDAQ
A134580,디엠티,KOSDAQ
A086250,화신테크,KOSDAQ
A058110,멕아이씨에스,KOSDAQ
A093380,풍강,KOSDAQ
A122800,썬텍,KOSDAQ
A054410,케이피티,KOSDAQ
A043260,성호전자,KOSDAQ
A131760,파인텍,KOSDAQ
A105330,케이엔더블유,KOSDAQ
A080440,에스제이케이,KOSDAQ
A020400,대동금속,KOSDAQ
A032040,C&S자산관리,KOSDAQ
A067730,로지시스,KOSDAQ
A069330,유아이디,KOSDAQ
A077280,한컴지엠디,KOSDAQ
A043360,디지아이,KOSDAQ
A153460,네이블,KOSDAQ
A082660,삼우엠스,KOSDAQ
A007530,영신금속,KOSDAQ
A051380,피씨디렉트,KOSDAQ
A024850,피에스엠씨,KOSDAQ
A099410,동방선기,KOSDAQ
A119830,아이텍반도체,KOSDAQ
A069140,누리플랜,KOSDAQ
A051980,중앙리빙테크,KOSDAQ
A045340,토탈소프트,KOSDAQ
A083470,KJ프리텍,KOSDAQ
A009620,삼보산업,KOSDAQ
A079810,디이엔티,KOSDAQ
A067770,세진티에스,KOSDAQ
A089790,제이티,KOSDAQ
A221610,한솔씨앤피,KOSDAQ
A024940,PN풍년,KOSDAQ
A090150,광진윈텍,KOSDAQ
A080580,오킨스전자,KOSDAQ
A073010,케이에스피,KOSDAQ
A029480,바른테크놀로지,KOSDAQ
A058450,일야,KOSDAQ
A232270,케이비제9호스팩,KOSDAQ
A073190,듀오백,KOSDAQ
A023770,플레이위드,KOSDAQ
A026260,위너지스,KOSDAQ
A058420,제이웨이,KOSDAQ
A098660,에스티오,KOSDAQ
A096870,엘디티,KOSDAQ
A099520,ITX엠투엠,KOSDAQ
A194610,우성아이비,KOSDAQ
A047440,레이젠,KOSDAQ
A115610,이미지스,KOSDAQ
A134060,이퓨쳐,KOSDAQ
A115530,씨엔플러스,KOSDAQ
A217190,제너셈,KOSDAQ
A139670,넥스트리밍,KOSDAQ
A008830,대동기어,KOSDAQ
A019570,제미니투자,KOSDAQ
A070590,한솔인티큐브,KOSDAQ
A121890,에스디시스템,KOSDAQ
A051160,지어소프트,KOSDAQ
A123010,옵토팩,KOSDAQ
A025870,신라에스지,KOSDAQ
A026910,광진실업,KOSDAQ
A182690,테라셈,KOSDAQ
A013720,청보산업,KOSDAQ
A088290,이원컴포텍,KOSDAQ
A155960,지디,KOSDAQ
A226850,키움스팩4호,KOSDAQ
A101680,한국정밀기계,KOSDAQ
A053060,세동,KOSDAQ
A230240,하나금융7호스팩,KOSDAQ
A227950,골든브릿지제4호스팩,KOSDAQ
A226440,동부스팩3호,KOSDAQ
A273060,엔에이치스팩12호,KOSDAQ
A242040,교보비엔케이스팩,KOSDAQ
A256630,엔에이치스팩10호,KOSDAQ
A256840,엔에이치스팩11호,KOSDAQ
A226340,에이치엠씨3호스팩,KOSDAQ
A277480,신한제4호스팩,KOSDAQ
A240540,한국4호스팩,KOSDAQ
A253590,대신밸런스제3호스팩,KOSDAQ
A230490,동부제4호스팩,KOSDAQ
A250930,케이비제10호스팩,KOSDAQ
A235010,하이에이아이1호스팩,KOSDAQ
A262830,대신밸런스제4호스팩,KOSDAQ
A291210,한국제7호스팩,KOSDAQ
A281740,동부스팩5호,KOSDAQ
A265480,미래에셋대우스팩1호,KOSDAQ
A239340,미래에셋제5호스팩,KOSDAQ
A254120,IBKS제5호스팩,KOSDAQ
A225430,IBKS제3호스팩,KOSDAQ
A264850,IBKS제6호스팩,KOSDAQ
A270520,하나금융10호스팩,KOSDAQ
A281410,한국제6호스팩,KOSDAQ
A265920,한화수성스팩,KOSDAQ
A261200,하나금융9호스팩,KOSDAQ
A287410,유안타제3호스팩,KOSDAQ
A267320,교보7호스팩,KOSDAQ
A271740,한국제5호스팩,KOSDAQ
A276920,IBKS제7호스팩,KOSDAQ
A257730,신한제3호스팩,KOSDAQ
A232330,SK3호스팩,KOSDAQ
A279410,한화에이스스팩4호,KOSDAQ
A258790,케이비제11호스팩,KOSDAQ
A264290,한화에이스스팩3호,KOSDAQ
A277410,IBKS제8호스팩,KOSDAQ
